genotype,predicted_ddg,predicted_score,n_reversions,mutations,wall_time_seconds,h1_mean
1100110100001100,8.978102,-8.978102,9,ND31S;SD52I;AD59N;ID74K;FD75S;SD76T;ND77S;FD95Y;SD106Y,8.161518322769552,7.0
1000010110010010,7.2143965,-7.2143965,10,ND30S;ND31S;SD52I;SD57T;AD59N;FD75S;SD76T;ND84S;TD87R;SD106Y,7.835530293174088,8.041850289976836
1011101100001000,9.544635,-9.544635,9,ND30S;TD58A;ID74K;FD75S;SD76T;ND77S;TD87R;FD95Y;SD106Y,8.03795342380181,8.356682378301917
1011100000010110,9.287686,-9.287686,9,ND30S;TD58A;AD59N;SD71T;ID74K;FD75S;SD76T;ND84S;SD106Y,7.8852990958839655,8.784443523586207
1100100110001100,7.105357,-7.105357,9,ND31S;SD52I;TD58A;AD59N;FD75S;SD76T;ND77S;FD95Y;SD106Y,8.009418132249266,9.1973131079014
0001010110011100,6.0012465,-6.0012465,9,SD29F;ND30S;ND31S;SD57T;AD59N;FD75S;SD76T;FD95Y;SD106Y,7.871815762948245,9.325156244847458
1001000110111001,4.8916855,-4.8916855,8,ND30S;ND31S;SD57T;TD58A;AD59N;FD75S;TD87R;FD95Y,8.02508036699146,9.39625059567532
0011110101010100,3.9036987,-3.9036987,8,SD29F;ND30S;AD59N;ID74K;SD76T;ND84S;FD95Y;SD106Y,7.9148379089310765,9.45210470382454
0101110110101000,4.51577,-4.51577,8,SD29F;ND31S;AD59N;FD75S;ND77S;TD87R;FD95Y;SD106Y,8.011104476638138,9.506792085779049
1000101111000011,2.8414931,-2.8414931,8,ND30S;ND31S;SD52I;TD58A;SD76T;ND77S;ND84S;TD87R,7.871537514030933,9.644647544966348
