genotype,predicted_score,partition
0110001100001101,8.346819070972714,train
1110101000100110,7.307747913850845,train
1010000000001111,7.772974352629597,train
0011000000110111,8.332608856722434,train
0010001000111111,8.341813818887301,train
1100010010001010,8.241767400412398,train
0111001100010010,8.344022537309566,train
1100010100010100,7.308684484388726,train
0101100100010001,8.238323547680354,train
1001000100001110,8.4598368852268,train
0101101100011001,8.186086971052195,train
1100010100101011,7.432583253552446,train
0110001000000111,8.336678023191629,train
0000110100101100,8.163007841629518,train
1110000100011100,7.579760720837359,train
1101010100111000,8.581669053361198,train
0000010100011011,8.17154799143864,train
1001000100101001,8.174437763962139,train
1010101110000100,8.596995111610676,train
1101100100100010,8.471702828214873,train
0100010000011111,8.167660795416154,train
0000111110010010,7.933545518176603,train
0001100000111001,8.326817185322888,train
0000011000111011,7.963486390986091,train
0000010100110011,8.170627473755378,train
1101001100000010,8.271184991370339,train
1000110100000101,7.257761818040692,train
0110011010000011,7.940308720036904,train
1011101000100110,8.288197718590883,train
1000010110100100,8.395794681619774,train
1010100000110100,8.221547121953257,train
1100111010000101,7.9113738842277455,train
0000011000010111,7.880800849993878,train
1000110000110101,7.712413802547791,train
1110011010000100,7.735980188610503,train
1010111000110001,7.2779363331509455,train
1001011100010000,8.222293611373313,train
0100101100101101,8.173690694499042,train
1001001100100111,7.94748883227597,train
0100111000010010,7.869243101203343,train
1011001000000011,7.960575463542559,train
0000111000110100,7.804806006546542,train
0010011100011101,8.038332816865024,train
1011011100000011,8.114582073499648,train
1100011000011101,7.104943759216697,train
0010111100010011,8.012041814726452,train
0111000100011100,8.463283937750045,train
1011000000011001,8.278379021381406,train
0100100000011111,8.425209623962013,train
0010111000001001,8.11883586212826,train
1110100000111001,7.513707734553763,train
0000111010110110,8.069736858253224,train
1000100000010111,7.666485787896335,train
0011100100100100,8.523124321182754,train
0100110000100101,8.139869263017372,train
1010001100000011,7.153445951794749,train
1110010110000100,8.38841771876838,train
0110010000111101,8.32209226402741,train
1010010000100110,7.6039459233057745,train
1000101000010101,7.070647561036581,train
0100011010101001,7.953054131347521,train
1111010100100001,8.573959964407248,train
1000101100001101,7.245381599516645,train
1101001100000100,8.239280904747876,train
0100101000000111,8.209250894680938,train
1000010110000101,8.381215898045896,train
0110111000000110,8.056946332486849,train
1011101100001000,8.364174860059277,train
0110001000010110,8.270974415827254,train
1010111000100101,7.460782220127109,train
1000001000011111,7.093427248874934,train
1001011000110110,8.238840697376864,train
0010101100010011,8.21531468388948,train
1000010110010010,8.193534664480046,train
0000011100010101,7.874828015707575,train
0100010110000101,8.494589559507123,train
1000101100001110,7.472109641057813,train
1110011010000011,7.905821015918139,train
0100010100110011,8.170512728156679,train
0110111100010001,7.930837089789309,train
0001100000001111,8.27988702852812,train
0001001100110101,8.175872271747828,train
1110010100001101,7.509716895575124,train
0100100100011111,8.424983984544072,train
1101101000110100,8.290847998291184,train
1000101000110111,7.28369261551033,train
1011000100010111,8.187676643897943,train
1010111100000110,7.278613973982962,train
0000111110001101,8.206361917964571,train
1010111010001100,8.017529715040535,train
0000101100010011,8.160517185659208,train
1010001000000111,7.161720809821592,train
0101100000111100,8.490848436148378,train
0011001000011101,8.26205098480437,train
1110010010001000,8.279642034454811,train
0000111100110011,7.9498433782309315,train
1110111100100000,7.3369035374365055,train
0010011000101111,8.118217958853991,train
0110010000011011,8.334761064282528,train
1100101000010110,7.155626018182437,train
0110001000110111,8.322930888959998,train
0001100100111000,8.504562476251984,train
1010010000010111,7.599579759481496,train
1100110010000011,8.315123530055864,train
1000101100000011,7.1531918345321355,train
1101011100000001,8.164327138839027,train
0010101000110111,8.314067346341295,train
1110110000011001,7.349759448996014,train
1000111010011000,7.96049066612637,train
1011010100001011,8.542391181434654,train
0000101100110101,8.204050149463443,train
1100001100011011,7.149851537722951,train
1111000100010100,8.498207465511662,train
1101101000000011,7.968783894818599,train
0100001000101011,8.158938845474962,train
0100111100000111,7.918602168893937,train
0110110000011001,8.311755656318175,train
0101100000111101,8.288801732789857,train
0011001100110000,8.350281600282887,train
1010101100101010,7.300490762363152,train
0000011000101011,8.009953621409872,train
1000111110000011,8.148359617655666,train
1001101100001110,8.282428127756347,train
1010010010001100,8.377478060692463,train
0001001100001011,8.166073841401303,train
0100101010111000,8.889397266898857,train
1100111001000100,8.91685227515638,train
1100001010000111,8.839980108665458,train
1001100100110000,8.547683970435813,train
0111000110011100,9.281626813448545,train
1100110101001000,9.233510485007729,train
1010011101001100,8.855916534389708,train
0110100010010111,9.229831283071178,train
0001000110101001,9.26625320701527,train
1010000010100110,9.087909283186326,train
0101011000101011,8.632758944852952,train
1100001001001010,9.10198420725807,train
1011110000100100,9.303256260765838,train
0001010100001101,8.948346945487542,train
1100000001001110,9.269490173345257,train
0110100010011100,9.184010120501465,train
1000000110011110,8.989078856650272,train
1010110001100010,9.100855882264879,train
0010001110010111,9.00788727606861,train
0111010100011000,9.11626776742641,train
1100010101001010,9.21938764163213,train
1010011101010010,8.850137164128352,train
1111000000010100,8.537597473163867,train
1110101010010100,8.63605366193297,train
1100100110001100,9.137943217183182,train
0011010000110010,8.97592576597131,train
1011100000010110,8.6308616677797,train
1100001001111001,9.242585139356123,train
1000100110010010,8.931965689555623,train
0010011001000101,9.274922824666882,train
0011000110001111,9.266574961549379,train
0011011100011000,8.724239327874875,train
1000001001101010,8.954610702723626,train
0000010010010111,8.514029269218087,train
0110100010100100,9.214736051656338,train
1100101110000000,8.62958459593104,train
0001011000101110,8.656698508489063,train
1100001001010001,9.270923143645412,train
0110000000010111,8.638580107911274,train
0011010100101110,8.873783372331522,train
1000100001110110,9.2321195266445,train
0010100100110010,8.662773329163358,train
0000001110110001,8.985320127253587,train
0010011001101110,9.288390727447984,train
0100000010001111,9.153785012080597,train
1110101010101000,8.84202382026325,train
1111010000010000,8.715442069383002,train
0001111000010101,9.111137802683796,train
0010000100111101,8.682124049982477,train
1100001101010101,9.2784973850984,train
1000101001001101,9.057665547579363,train
1000001010111101,8.938031795192662,train
1010100110000110,8.970191825998278,train
1010010101101010,9.111942234667028,train
1100001101110010,9.126039722717106,train
0110000010011101,9.155937401907721,train
0010011101001110,9.305595558868777,train
1110110001100010,9.1623399848971,train
1010010101011001,9.263818600304223,train
0100001010000111,8.893532328151045,train
1101110000100011,9.316385429513755,train
1110010001101100,9.161082312980927,train
0011100010101010,9.28528545492386,train
1100001001101010,9.085845514421115,train
0111101100000010,8.376961737118664,train
1101010000010010,8.612414228823354,train
1011100000110001,8.356468797974593,train
1100001010101000,8.914105357967948,train
1000111001101000,8.706215472404244,train
1000100001101100,9.219410530889903,train
0111010000010011,9.128118847983632,train
0111011000101100,8.675972510629776,train
1101010100011000,8.66391652077945,train
0010001110110110,9.059610368364593,train
0011100110100101,9.26981863658024,train
0000011001011101,9.283835777400592,train
1011110100000101,9.271247580716263,train
1100100110011100,9.122993013539451,train
1000010001011001,9.233040358435327,train
0010101110010010,8.901894579855153,train
0101111000111000,9.082127121177214,train
1100010010111001,8.441315858021579,train
1111010100001001,8.683023761062245,train
0100110110100101,8.51039692947137,train
1010101010000110,8.724096269246377,train
1000110101000001,9.175760370320734,train
0000111001010010,9.330467987983651,train
1100100010100101,9.236814824803403,train
1000100110110000,8.98798759529621,train
0001010100110111,8.891834063364854,train
1100010001101010,9.152636370006054,train
0111011110100000,9.313173440088388,train
1010001101110000,9.012842976882999,train
1111010000000111,8.614617927636807,train
1010000110001111,9.146837824325466,train
0101001010001100,9.276240641570162,train
0110100010110011,9.279456295426959,train
1101111000100010,8.936398638971346,train
1010110001010011,9.206198168456103,train
0010110001010100,9.354539860623097,train
1110001101001000,9.146130761091966,train
0010111001100100,9.280593673329603,train
0110010100001010,8.35832633274511,train
0011100000011100,8.605656053950508,train
1000111001100100,8.710563073999248,train
1010100010001110,8.999908697791478,train
0110010010011011,8.513014744485094,train
0110101010101010,8.922427193574066,train
0111101110000000,9.267591825032527,train
1011111000100100,8.907724656174478,train
0000011101101100,9.28386905138064,train
1001111000101100,8.90264823156869,train
1000100110011001,9.09383148033993,train
1010101110100000,8.772785756049403,train
0000101110101110,8.896232209268263,train
0011110100000101,9.306584980445416,train
1001111100001000,8.914834009671619,train
0110101110000101,8.811088033975224,train
0111010100000010,9.120725174389863,train
0110000000111110,8.683779649729901,train
1010001010100011,8.99965101614816,train
1010110010101100,8.422479709934406,train
0000100000110111,8.44912465570145,train
0111001010101100,9.286168504642614,train
1000010101101101,9.169592138553005,train
1001000110110101,9.371441888830326,train
0010010101001111,9.391627061930333,train
0001111010000011,9.395053104757908,train
0111010010100100,9.327305799966783,train
0001001110100100,9.279808593257533,train
1001010110001101,9.415192440104095,train
0101010110001110,9.339821638551609,train
1110001001100101,9.265803394172066,train
1110000101000111,9.40914214717946,train
0010111101010010,9.338728344318284,train
0111001011011000,9.40315445546181,train
1100110101001001,9.258244051211378,train
0110100001100100,9.410567348117288,train
0110001001101100,9.347193193413986,train
0000000001011111,9.440684007289095,train
0111100010010110,9.326205815927866,train
1000100001011110,9.239401206516378,train
1001000010101110,9.341859821659412,train
0111100111001000,9.402176525076834,train
1011011110000100,9.408285952145974,train
0101110000111001,9.39360633559051,train
0100001001001110,9.382512353859408,train
0010001011000110,9.42731550577771,train
1001011001001011,9.426415905030808,train
0001010101101001,9.409490821982633,train
0000110101101011,9.415224517923745,train
1010110001011001,9.264043593983523,train
0111100011100010,9.429906829782695,train
0110110001000101,9.399526000691788,train
0010011001000110,9.313754623565906,train
0010110001100011,9.37448680329208,train
1011110100100100,9.303961757919028,train
0100110101000001,9.445553564067408,train
0010010001111011,9.367056698295695,train
1101001110011000,9.388162441794616,train
0000001111010111,9.457348854625176,train
0100001001111101,9.35898671716599,train
1101000010011011,9.375263921163793,train
1001011010001100,9.408521600611477,train
1011010001000001,9.461878088457336,train
0011010011001100,9.440335018788652,train
0111000011100001,9.452791408787075,train
0000000111011010,9.458307127005499,train
0010100101000011,9.40955361566255,train
0101000010101101,9.304506159519946,train
0101000101010111,9.421480305550745,train
0001010110011100,9.33272796874932,train
1010100010100001,9.2398142503476,train
0001101001110000,9.440743334507427,train
1100000001101001,9.393071112759989,train
1001001010001001,9.357532543129139,train
0010000101101110,9.429490608201213,train
0111100011010010,9.419313854639404,train
0101010001100111,9.451228158509068,train
1001101001011001,9.409123968103167,train
1100000101100100,9.335264594824675,train
1001100010010111,9.408060585874228,train
0010101001001100,9.325841396543835,train
0001001101111000,9.409551196576068,train
0100110001111000,9.423907218526715,train
0000011101011010,9.325852936257423,train
1000100001110001,9.37397168708421,train
0101010110000101,9.331110289535813,train
0100101001110010,9.404918064325862,train
0011000101100101,9.380240171147125,train
0100101001011110,9.391128597387516,train
0011000011101100,9.43290682085294,train
0000110101110001,9.40584492342496,train
0110111001011000,9.34019671729815,train
1100000001001111,9.386162318995797,train
0111000010100101,9.31058014371125,train
0110111001000011,9.372390702029765,train
0011000010100110,9.299326423411625,train
0101000001010111,9.4230042006449,train
0100111001001101,9.323381468200289,train
0111001010011000,9.29407509269153,train
0101100001011101,9.43240862920339,train
0001101011100000,9.460575520035343,train
0101110110000001,9.404935254900458,train
1011100001010110,9.456614593729467,train
1100011011000000,9.494638254985833,train
1100100010110001,9.267180140113663,train
0010011011011000,9.421618226083321,train
1001010001100011,9.460837586137702,train
1001001101110010,9.439727974704285,train
0110001001100100,9.376589456320268,train
1001001001010100,9.440756460296496,train
0011101101010001,9.393421526380067,train
1111100110100000,9.425462593027612,train
0010011011100100,9.441318361693668,train
1011000010100100,9.344123760604077,train
1011100001101001,9.393739672379274,train
1010000010110111,9.233538930420272,train
0001100001101101,9.395149199739503,train
0001100101111010,9.430943882860998,train
0110000111001011,9.41508070086789,train
0000110001111110,9.39222675032526,train
0011101010101100,9.287771570864212,train
1111000010100011,9.376575565535822,train
0101001011010110,9.43157228017387,train
0101110010000011,9.404662144836669,train
0010101101111000,9.349627114336252,train
1001000110111001,9.3818274705663,train
0001101111000000,9.446241628520385,train
0010011101101010,9.326322780413271,train
0101110100000010,9.403194590142094,train
1111000010011100,9.3763673665217,train
0000111001000011,9.349878420180492,train
1001001010100111,9.343324981977867,train
0010100011010010,9.4379897515741,train
1100000001100111,9.400118109601701,train
0110101101000001,9.393102245127668,train
0110000101110010,9.427707969833207,train
0100110001001101,9.44306122560821,train
0101110000101000,9.379946036771388,train
0011010010101000,9.325157427051886,train
0110001011001010,9.397427155851862,train
1010010001011001,9.265538365360175,train
0110100001110000,9.410664834992705,train
0011001101101100,9.392755640497803,train
1001001110100000,9.374981750732339,train
0101000001110100,9.4727874830827,train
0001110100000110,9.362290002097474,train
0001100101001010,9.403718582401451,train
1111000110000100,9.383534205435978,train
0001111011010010,9.484191659369458,train
1001000111000011,9.54235292928871,train
0000111111000011,9.52815768183912,train
0010011011100001,9.492285086667744,train
0011010011101100,9.441939338013372,train
1010110011000110,9.469452981985441,train
1010100001010001,9.395838038084532,train
1110001011000011,9.475375939959028,train
0111110100010010,9.444370905132782,train
1001110101100000,9.564104230514555,train
0010110011010101,9.506583248275,train
1101000111110000,9.555513684707757,train
0110000001110010,9.433713851362212,train
1110001111000000,9.476072067662905,train
1011111010000010,9.477007798342589,train
1111001001000000,9.515011981788861,train
1001101101001100,9.447202081929406,train
1100100111000110,9.510643007843221,train
1000000111100100,9.52282290232044,train
1110110011010000,9.484278294854633,train
1100100001010101,9.427520019452382,train
0111010001100010,9.509422934358717,train
0010101111010000,9.486257350465344,train
0101100111100000,9.470344857061432,train
1101010011000101,9.530881262064646,train
0100001111000100,9.528670186131523,train
0001010101011000,9.48134992109522,train
1100100101100000,9.350453212051542,train
1000100111101010,9.572263339726293,train
1101100110000100,9.424126887289939,train
0001010011110110,9.478106769937902,train
1110001011100001,9.477963266542012,train
0101010011010010,9.460273957696453,train
0110100101100100,9.440838674699293,train
1111000111100000,9.501329937915182,train
0100000111100110,9.51968075980444,train
0110010111001001,9.46973444459339,train
0101110000110110,9.427355480887071,train
1100000011111001,9.537127656180147,train
0010101011011000,9.440468976373202,train
0111010101001000,9.520312656784455,train
0110110101001010,9.488410914197159,train
1110000011101100,9.472598404069181,train
1101100001011010,9.519716050490969,train
0100011011010001,9.488089593952646,train
0010100001110001,9.428139508433919,train
0000010011010101,9.48285156601716,train
0101110101010100,9.531425789420037,train
1000101011100010,9.563624471460678,train
0000100101001111,9.460174766166393,train
0000011111000010,9.518086395971727,train
1110010011000001,9.494881443871625,train
0101000101010100,9.485830269293125,train
0001011011010101,9.483246153440762,train
1011000001000110,9.456420369259757,train
0110000001110100,9.456505548185376,train
1000001011001001,9.541643655208109,train
1011010111000001,9.507507234375032,train
0011111001000100,9.491741424981587,train
0101110110101000,9.412714344136138,train
0100100001011101,9.471036887100713,train
0000010011010110,9.465847988993579,train
0011110101010100,9.49739748482132,train
0000101111111000,9.536411979465734,train
1001010101000011,9.474050709981203,train
0101110001000101,9.488929516910824,train
1011000011100100,9.49045875576971,train
0001110111000011,9.503378084742963,train
1000100011110100,9.559422269488708,train
1000101111000011,9.580370654324666,train
1001000111101100,9.534968535034029,train
1100001011110001,9.559003447288921,train
1011110010000011,9.470111443983601,train
0001101101100010,9.439946844007732,train
0101010001100010,9.511983759724819,train
1111000001011010,9.531488340018198,train
1100000111011001,9.531824230462432,train
1001000101001110,9.449614741443012,train
0110110101001100,9.488964361361722,train
1101001001000010,9.5176666801541,train
1111000011000001,9.495045355137927,train
0110001111100001,9.487094432870874,train
1000100111011010,9.581128448397793,train
1010101011000011,9.499482127229811,train
1001000001110100,9.461937604584346,train
0100001011100001,9.510209054270248,train
1100010111000010,9.512257750880195,train
1000010011010101,9.496289402380233,train
0101011011010001,9.470475275885473,train
1001010001000011,9.473731100558632,train
1001110001100011,9.510970866950139,train
0001011001101010,9.471885285251155,train
1000100011100110,9.523588880636986,train
0100110001110001,9.436772580294184,train
0010001111000111,9.46674966182677,train
1111000001011000,9.527733197990587,train
0001101011110010,9.477169351190524,train
0000001111010011,9.462341426024722,train
0011111001000000,9.510633342762114,train
1011100011010001,9.506272679878954,train
1001011011010100,9.538230121076706,train
0001010011010111,9.475044584552204,train
1000111111000001,9.546216892766681,train
0100101011101001,9.528030961528229,train
1011110101010000,9.569263491664454,train
1101001001010000,9.512884038225529,train
1101010011000000,9.525221383531358,train
1001100001001101,9.430737052533463,train
1111100001010001,9.46338801953249,train
0001100001111110,9.444816095467436,train
0100010111110000,9.530472197525892,train
1111110100010000,9.402608071385439,train
1101001011110000,9.561681586112249,train
1001111010110000,9.470057463162869,train
1011110001010100,9.54868117899345,train
0110100001001101,9.450212594265409,train
0110111011000100,9.468265861394942,train
0000110101100100,9.43371422319333,train
0100111011000001,9.54143288096068,train
0011011101101000,9.46285054719715,train
0100100101100011,9.468660747019094,train
1001010011010101,9.528205538436426,train
0000010011101001,9.515317635002235,train
0101010011100010,9.47149133020789,train
0100000101100101,9.47165040138682,train
1000000000111111,7.719928884213285,train
0100110000000111,8.136734816956519,train
1100101000001111,7.118869925826592,train
1000001110010001,8.708530133930726,train
1100010100001110,7.2241476939498455,train
0101110000001011,9.37760077562686,train
1100000010011110,9.109859225462705,train
1001011000100101,8.124423099658868,train
1110100100000111,7.9045590861197885,train
1100100100011100,7.6134172846429475,train
1110001100100000,7.221658626349413,train
1000100100110111,8.13453645895312,train
1010100000110110,8.428841608917296,train
1010101100110100,7.650637832554417,train
1010100000011111,8.050337991529956,train
0000101100100111,8.227294246079506,train
1100110100001100,7.202046766756978,train
1110110010011000,8.243930728497618,train
1010011110000000,8.008931751275977,train
1001100001011011,9.428665656898525,train
1001001110000111,9.367157675234884,train
1101101100001010,8.338768447598307,train
1001111000011001,9.06340920937486,train
1010100100010110,7.608436472274512,train
1000011110011000,7.729607042084577,train
1110100100010010,7.359761213065737,train
1010100000111010,7.975690804967036,train
1000110100011000,7.253367988513865,train
1101111000001001,8.97778096103343,train
1000110000110110,7.982635019076807,train
0011000000111001,8.334145297888824,eval
0110000100011010,8.656139129942138,eval
1110100000000011,7.634239347373008,eval
1110101000010001,7.118221054371803,eval
1001010000100110,8.503744774717156,eval
1000111000101001,7.290764597766436,eval
1010111101000010,8.807571185316476,eval
0111000000011101,8.303300391689433,eval
0010011000101001,8.10909531067736,eval
1100000100010101,7.535314258805821,eval
0100111100001011,8.001102614579617,eval
1100001000111101,7.227640236563274,eval
0101001000110111,8.173650128913675,eval
0100011000101001,7.99427101054607,eval
1111001100100001,8.014904017660099,eval
1110110000001011,7.488780744545913,eval
1001100100000101,8.17698214570337,eval
1010110000000111,7.6595777890333,eval
0100011100001100,7.943151049472107,eval
1001011100100000,8.19081845568868,eval
1010100110000100,8.98637060457732,eval
0110011100111000,8.008901642312875,eval
1010010110011000,8.233045761380684,eval
1000111110000000,8.11900527661501,eval
1100010100001111,7.377553190223836,eval
1000110001010011,9.197269424896044,eval
1000100010010111,9.164237499965594,eval
1100101110001001,8.702380285847163,eval
0110001100110101,8.306576141938288,eval
0001101010110011,9.315562300772207,eval
0001011110011000,9.325381086722198,eval
1100000010001111,9.151520365779104,eval
0111000010100010,9.300643896875306,eval
1010001110010001,8.729672660237044,eval
1010000010110011,9.238878942904346,eval
1110010010101000,8.330386595227111,eval
0000001110011100,8.863031988692255,eval
1110001110100100,8.898064698673146,eval
0110010110100101,8.510253618709477,eval
0111101000010101,8.237032478700579,eval
0011101010001001,9.282648322301116,eval
0000001010110110,9.01207558535093,eval
0110000110110100,9.147933169899884,eval
0100100000111111,8.438742688808663,eval
0100010110110011,8.489272709843338,eval
0100101010010100,8.782211235347875,eval
0110101000000110,8.30646347938507,eval
0001101110010011,9.295297202948372,eval
0110001110110001,8.986049176327375,eval
0010100010110001,9.237608952128594,eval
1001110100110100,9.349616958683345,eval
1011010110010010,9.417965713854436,eval
0010110001001101,9.379157684707625,eval
1100010001010001,9.245095357912154,eval
0110010001100010,9.423780422796664,eval
0010100001110011,9.414641800957686,eval
0101101101100100,9.468919604016003,eval
0111110110100000,9.392808967879354,eval
0001011110101100,9.326044249150813,eval
1101110000001100,9.339446499273205,eval
0001101101010010,9.43751558882242,eval
0111100001100100,9.464250950874629,eval
0011101001101100,9.410004400084075,eval
0101100011100110,9.469676289467133,eval
0101001011000101,9.46058527900091,eval
1011100010000001,9.408923965342689,eval
1001000110110010,9.375870492596343,eval
0111010010000100,9.32663295275373,eval
0010000101111011,9.414470833478974,eval
0100100011011100,9.497499784060327,eval
0001010001111001,9.420788899829311,eval
0100000011011110,9.456874908648231,eval
0110111101010000,9.35423181007236,eval
0111000110100011,9.275878489501103,eval
0101011110101000,9.3281362183867,eval
0001111001000010,9.510695770407208,eval
0101111111000000,9.482574820205285,eval
1010000101001110,9.239664384864827,eval
0010110001110101,9.36838630303847,eval
0001111011001001,9.497123769550406,eval
0100110001101110,9.443076765477253,eval
1011010011100100,9.489984571290673,eval
0011100101000110,9.427919830338535,eval
0010110011100100,9.467220189635583,eval
0101111001000011,9.486647349119337,eval
0000010011100101,9.508823578117845,eval
0000110111100110,9.52176942606591,eval
0001111001001110,9.483220396214035,eval
0101010101110001,9.451999820812256,eval
0010000111010110,9.445519929659955,eval
0101101001011010,9.482620733846748,eval
0100100111101010,9.520182487678026,eval
1010110111010000,9.495663455718365,eval
1100000011010110,9.506087927303133,eval
0001010011011011,9.476611144095694,eval
0100110011010000,9.507653785672403,eval
0110110111001000,9.447036895475177,eval
0001111111000001,9.498467314010055,eval
0000010111001010,9.505104748877159,eval
0000010011011100,9.480743499628941,eval
1000000000111101,7.644953336817442,eval
1100110000000111,7.421611952036615,eval
1100100000001111,7.689611034818172,eval
1000011110010001,7.88315234808927,eval
1100010101001110,9.22145072509255,eval
0101100000001011,8.257709026819347,eval
1100000000011110,7.527798414784892,eval
1000011000100101,7.324877519258503,eval
1010100100000111,7.861947603710433,eval
1100000100011100,7.531014029879481,eval
1110001100110000,7.274312610420543,eval
1000100100110110,8.135074880913736,eval
1010100000010110,7.810433442854724,eval
1010100100110100,8.09049692056779,eval
1010100000010111,7.936794469146956,eval
