genotype,h1_mean
0111011100010101,8.438887914071843
0010001000111110,8.275047611727224
1110110100011001,7.0
1100101110001010,8.466119924287687
0100110000100001,8.148803854072385
0001011100100011,8.469956723616717
0111011100010000,8.607841096727894
1000001100110001,7.0
0110010010000111,8.632463144972933
1000010100110110,7.524802175397951
1011100000010001,8.53067956587558
0101001100011010,8.247434643433168
0000110100111000,8.172095376513422
1110010010101100,8.385654466676257
1000000000001111,7.481425504470633
1110001000110001,7.352842112335692
0110110010001001,8.553104927593855
1101010000011111,8.571774988816413
1111010000000011,8.633436494462247
1101011100111011,8.108561614531235
1000001100111000,7.0
1001101100001111,7.942566052095676
0100011010000111,8.020925606802793
0010011000100000,8.20571184865384
0011011000010101,8.570176495363093
1000001000100011,7.676962593742573
1111011100011000,8.061144778441312
0011011100111100,8.656583571827854
0100010100010011,8.133771656045429
1000101010001000,8.31630663533093
1100011010111111,7.942201801884347
1110111010111101,8.198803038407668
0101000100011000,8.380950106194293
0010000100111111,8.540062594879123
0011100100111110,8.490478850637798
1001010100101000,8.470217570811144
0100011000001011,7.845219128513147
0111000000001101,8.489106593366897
0100001000110100,8.010709266022348
0111100000001101,8.597872876899151
1110101110111100,8.584045333192012
0101011000111001,8.558716100914326
1000001000111011,7.0
0011001000110010,8.274752439454522
0111001000001101,8.360612456922906
1010011110100010,8.03739916629568
1110110100111011,7.3713482356993
1010011110001000,8.213243296644062
1001000000110010,8.475207476588052
1110010100110001,7.78173756738322
1100011110000100,7.924333983643613
1011000100011010,8.472385274213098
1110010100100111,7.269155627566878
0000110100010110,8.132403960172324
0100011010010000,8.079687285889682
1010110100100111,7.0
1000011110000111,7.559904464182087
1101010100110101,8.489293933534265
1000101000111011,7.0
0110011010110100,8.536062570634845
1001001100001110,8.162375260904854
1100100000010000,8.573283789313539
0011101000001000,8.633213498388486
0110010000001101,8.540286522225129
0010011100001110,8.253959541582251
1000001010001011,8.33969138175926
0000000000111101,8.337631575807274
1011001100010011,8.115940305846403
1010000000111000,8.478773393161847
0011100000101001,8.510811696496516
0010111100110100,8.084165407992353
1100001100000111,7.0
0100011000100111,8.02545026988539
1001001100110111,8.158753433736667
1010010000110001,7.575748601915265
1100001100100101,7.0
1011001100010001,7.998429552546628
0101001100101001,8.19069730446606
1011001000110010,8.204309974632338
0100110000101100,8.205532215503089
0001000000110101,8.184176129680717
1100010110110111,8.498854289389305
0011001000111111,8.197120578962108
0000101000001011,8.284274340621062
1010101010000000,8.657546847564143
0010100000101101,8.551226854643932
0110001100111101,8.336070417080576
0000010110010111,8.603447840513319
1000011000000101,7.0
1100111010100001,7.995373935339745
0010001000100101,8.483511165519602
0110001000111110,8.342798965706999
0101001000100011,8.165125854214564
0010101100101000,8.375811677691173
0111001000101100,8.430426998329535
1100101000011110,7.0
0010111100001101,7.995171415486671
1101011100000111,7.9406265793589315
0010110000100000,8.431059566689195
1100001100000000,7.0
0100011010110011,8.28180238807253
1100001100010111,7.0
0101101100101111,8.085124284671645
0101100000000000,8.330043191766238
1100011110001010,7.5144796317902625
1000101110100100,8.159867942679096
1100111010010011,7.594923450479444
1100111010110001,8.094881802384348
1000110100001000,7.0
1110110100110100,7.0
0010111010101010,8.60779953892033
0100011110011000,8.26508854528151
1011011100000011,7.929482269247036
0010101100000111,8.503195710011099
1110000100100001,7.832688822150217
1110000100001010,7.745499724520171
1101000100001000,8.311425265880205
1010010110101111,8.641763307559696
1010011110000110,7.5628390689376
0000111000011010,8.416051406428922
0001100000101000,8.282524157307849
0110110100000100,8.557074900976474
1010010100011011,7.669615632792237
1000011100010011,7.19170313369977
1100110010000100,8.522346637381512
1010101110010111,8.837578903068305
1100001101111101,9.27619825005842
0010000110111110,9.306268124739924
1100010001101111,9.205214049411312
0011001011000000,9.364095494272837
0101100001000111,9.353828349255812
0000011101111101,9.314046427684998
1000001110101101,8.853616382353701
0110100100001001,8.968167036304846
1011000110000010,9.344967786928896
1101111000111100,9.239069724244036
0100101010001100,8.736821064783724
1000000001111110,9.176810457503144
0111111000110111,9.334261507443829
0010110110011010,8.690495568450935
0000101010010101,8.810858360074073
0011001110001000,9.352198230279145
0101101001101001,9.357059984285987
0010101010101001,9.161391494721231
0100111101001011,9.30462734642353
1100001110011001,8.992789642131063
0011011110100101,9.285156276817668
1000100110111101,9.109063357942338
1110000010110001,9.16777899855655
0000001001110100,9.316717791505988
0111011010000111,9.268290227601549
0101101110010000,9.266170306346275
0010000110100011,9.233042870741146
1110110001011100,9.221500839047756
1000000010100010,9.07783367654065
1001110000110111,9.344395303674697
0111101010000101,9.220278904032266
0000100110110000,9.110024170096452
0111101010111011,9.27480746958488
0101100010010110,9.302182744688825
0010011001110000,9.324492844392887
1110101010001011,8.86551901353212
0111001110010001,9.191795441255303
0110110110000110,8.783527485788332
1010001010011101,8.940119948790894
1100101010000001,8.790420315044036
1001110100101000,9.121607607656657
0101111100011000,9.247438932035472
0010011101010001,9.253401908094473
0000101110000111,8.966150248940528
0001111100000010,9.3161397551604
1000001001111001,9.11439794479548
0100011001101011,9.360725949343754
1000000110001101,9.05004657184481
0101010010011001,9.31900430989168
0011001010110010,9.25769976924236
1110100110111100,9.147169587892495
1101110000111011,9.313759588566093
1111010100111110,8.788444676794965
0111100100010101,8.738329549814157
1000000101011000,9.327627486800951
1101110100010011,9.258817334247222
0110000101001001,9.358525798166598
0000000010110011,9.198281077083706
0010111110101011,8.822807379643304
0001100110001100,9.316486879202293
0001011010011111,9.275230891742671
0111111010100101,9.359090607715917
0001111000000111,9.226127249475397
0101111100100000,9.148201864991051
1111010100001111,8.791488527427942
0101011010101001,9.308925002887245
0001011010000000,9.28522068544394
0010000000101000,8.800397681380414
1101000010111001,9.319203135308015
0101101010000101,9.178166210354176
0110100110010111,9.230304414150693
1110010001000100,9.244474293338753
1100100010110111,9.274665980421435
0111011000011011,8.695483046535387
0101111100010010,9.317454143150831
1000000110011100,9.044678209766028
0101010100011100,9.159362619388348
1010101101001001,9.263312635684484
1011101010100011,9.331119788337087
0010001001010000,9.35820491734541
1100110101100111,9.292938189593242
0111101010000010,9.30749758057206
0001010000001011,8.921104969128988
0101110100001000,9.283169828889624
0111010010010010,9.294122519574609
0000100110000000,9.119047217830726
0001100001001101,9.363769960614537
0111010110000000,9.308957361389488
0011100001010101,9.340740004898407
1000011101111111,8.771563652913219
1110011001110011,9.09059625449088
1011000010110111,9.362380147801336
0100000010011011,9.18093435632605
1001110100000001,9.125832724660292
0001011100001111,8.990380256722112
0011100001010001,9.327599070239724
0100011001101110,9.316862765490418
1010010001010011,9.24390934091648
1110000101010110,9.34149701650363
1100001110010000,8.831771778454375
0000001001011011,9.351871321374729
1101110100110100,9.336999702215858
1110101101011100,9.237004945200198
1100011101101110,8.9165270225454
1000000101101011,9.329345307020192
0000001110111010,8.866589657148225
1000111101110101,8.773357845960755
0011011110000010,9.2226637538144
1001000010011110,9.348301938471636
0010000101000000,9.26311253314624
0001100010000000,9.279322901287848
1010101010010001,8.796337750670114
0111100001000001,9.350535257172965
1001001010010001,9.314718951096983
0011010000001010,9.029441815371358
0010001010101010,9.217703412748609
0000001110101010,9.137048220357531
0010000010000010,9.279923019322448
1101111000001100,9.05436558071156
1101110000010010,9.34736178163431
0000100010111101,9.257314917764583
0011100010001000,9.251048212550725
0010010110001000,9.111581029519646
0001010010101000,9.34888405571227
0100011111000111,9.473763075176274
0100010101110100,9.442037465005164
0111010101001011,9.410969539458955
1011010010001001,9.376431227923415
0011101011010101,9.436518121750035
0001101001110011,9.427140238239854
1001011010011001,9.375359524340176
1101101001001111,9.44242159727744
0111100011000101,9.41364620256107
1111101010010100,9.409469124526517
0010101111011110,9.478077138606366
1001000101000011,9.44569350446301
0100000111011111,9.428588012946376
0011110110001010,9.424624049626994
0011101111100100,9.462701757978644
0110010001000111,9.374382403948887
0000110001010110,9.396409104162815
0101010111100001,9.451026558907497
0111000011101101,9.399753384104336
1001101010101011,9.395992081233556
1110001011111100,9.44127147711488
1001100001000001,9.40035128616495
0111101111100001,9.418005994203012
1000000011100010,9.43260122219288
0110000111100011,9.456451007035048
0011111010110100,9.409551719797957
0001001111101101,9.456970536091724
0010010111011101,9.46857945274922
0110011001110000,9.368791763174505
0111110000101100,9.437454097552656
0101101001101000,9.458196441604978
0001010101111101,9.430434117514876
0111010011101010,9.446204884795591
0110000001000011,9.440936303285737
1111110110110011,9.47488675306637
1111001001100011,9.430992835036994
0101111111001001,9.4544211342684
0001101011001000,9.429222589765208
1001001001101101,9.378347679099702
0011111101100100,9.459571746842464
1011010110010101,9.382916685813443
1010011111011100,9.38155223267072
0111011111011101,9.46087428194369
0111100101001001,9.378774974807316
1101010001110001,9.471394192624564
0000100001111101,9.392711806547556
1101100001111111,9.471415835527116
1001011110100010,9.383427013723754
1111100011111011,9.47270284760638
0011101111000110,9.401284235228395
0011010001111011,9.458443770735569
1111001010001110,9.376964216956509
0000100111100111,9.42504784125702
0001111110000101,9.38849271707228
1011011001111000,9.430256773691118
1111001001001111,9.448777517919622
0101101001100000,9.435986607935504
0111000111011001,9.431093498179456
0011001111100110,9.39230039521781
0011110110001000,9.373398883968264
1111011010011000,9.384899140450576
1101100101110100,9.460365315191256
1011101010101001,9.380457843591572
1110000001011111,9.412945319629568
0101000011111001,9.46951534246984
1000011011100010,9.442810948525953
0001011001000001,9.453536777482372
1101001010100010,9.405533964622522
1011100110010000,9.435037829740072
0111100011101100,9.455052548545998
1110100010010111,9.40761228940953
0100100101100111,9.477981556721376
0100011101001100,9.387655210397098
1111001110101000,9.394481339941295
1111011010100110,9.415733301723868
0100011111011101,9.45946286813613
0111100011101001,9.4053463266262
0011100001101100,9.391310154321763
0100101101100010,9.478066742329116
0001111001110001,9.459852283150338
0010100001001010,9.446381369144213
0110100111011001,9.47098298003836
1110000101011111,9.448660168351877
0011000011100100,9.433418671211031
0101001001101110,9.466793205759314
0100111101101101,9.422639636934184
0101001011100110,9.46135138827074
0001100011100000,9.38360330106869
0000000001101111,9.40543779933464
0011011111000101,9.450609133150794
0111001011010000,9.391835268348174
0001100011011000,9.401633654344476
1101000010101010,9.416081027316572
0000000111110101,9.425510704675704
0011011001000100,9.41087939728561
0100010101011000,9.442677626233818
0010101001010010,9.449384564501388
0101000111100000,9.45198620951267
1011010010010100,9.462802384397056
0000100111110101,9.40438321419939
1011000110001110,9.40957733263234
1110001011010101,9.46140210673807
0011110001101001,9.452807462023715
1001100001011111,9.462218223063806
1010011011100100,9.416204954705536
0001111111001101,9.46242822099098
1100011011000001,9.458906054572628
0011110100011111,9.372343843412194
1011010110110111,9.415926647943325
0000001001101000,9.435387314979732
0010001111011110,9.401011349174793
0110011011100100,9.4338729506502
1011011001100001,9.388078215250188
0010001001100110,9.37549303459988
0000010101111100,9.368676510732008
1000100001111001,9.413264775044237
0011111111011100,9.451956073456616
1101011110111110,9.479658577245168
1000110111010010,9.442243744449373
1001101010010000,9.381773684072472
0100101101010001,9.3918579219116
0011111101000101,9.420379058897604
1001000001101111,9.424186957744231
1001100010000111,9.39154195376952
0011000101011011,9.40292274035866
0110000111100110,9.53624996262489
0100101011101110,9.566524647059994
1100010011000011,9.523779431612503
1011110111011011,9.542546327434753
0110101111110000,9.502036690537048
1011110111111001,9.480284178670582
1011001011011100,9.542447730437802
0001111101111010,9.5488196231756
1101111010010101,9.493589745631075
1101111111101011,9.618109998991969
1011010101010110,9.529920670142523
0111110011110000,9.489222446037012
0000000111001010,9.513215004745208
1001111010001111,9.497939105897704
1001010101011010,9.504336987702688
1001111001100011,9.562257820673867
0000101001110011,9.494501817265627
1111000011010101,9.51008582876936
0110110111101000,9.56785054745888
0001001001010110,9.48218503521836
1101111111101100,9.573502619870338
0000111111001111,9.528337004051169
0000110001000110,9.495682617678726
0111000101110010,9.495611496014538
1001000011011001,9.510602533372085
1101111101111000,9.623440696043298
0100101011010000,9.56777482306689
1010001011000110,9.483385858697986
0010010111101110,9.48975367068032
1100100011110010,9.562621644259632
0001110011100000,9.518628397125816
0110101111001100,9.526172638904104
0001111011001110,9.553990802136555
0011011011110011,9.499879932704133
1011101011001010,9.5592949739245
1011111111001111,9.59117690792347
1001111111110110,9.601602688270129
1111000011101100,9.553626479213056
1010000011111110,9.485323306055202
1111101111100100,9.531305181526196
1111011101100000,9.5459676915256
0111110011010100,9.537852803204562
1111100001111100,9.49548117937546
0111011011010000,9.488457700694283
0001010111001111,9.49009299783976
1101110001100000,9.542671028115286
0001111101101011,9.495082250282405
1111111001101011,9.575578418525518
1001001111000111,9.51082470913614
1111001111100011,9.495619362027972
1011111010001011,9.500114136440386
0100111111000100,9.656988810612685
0000011111011100,9.509217204598045
1111110001111111,9.51905374000871
1100100011000110,9.560312036379718
0101100111101000,9.497682684837654
1011001101101010,9.49145036308582
0100100001110011,9.502926112490885
0010101011111010,9.578296184976514
1111000111011110,9.4980199401093
1011011001010110,9.526824141126712
0101111111001101,9.506163646250029
1011000001000010,9.508429513612898
1001010111011111,9.534345951762392
0010001111100010,9.500108527202594
1100101011101110,9.60524116585384
1101000101101100,9.53392658705763
0000110111011000,9.533902246321269
1001111101110110,9.599337356838914
0100110101011100,9.505489504492248
1101110001011010,9.593883481620878
0001110011111101,9.533842354924133
1010110011100111,9.539336661387397
0010100111011100,9.596469495121864
1011010001111010,9.53419312604094
0100110001100101,9.506846569553115
0100001011000010,9.573208858537573
1001101011001110,9.54425542459853
0101001001110010,9.507694260174375
1001111001010110,9.597222473779434
0110111011110011,9.554150115113766
1101011011100111,9.549196963130422
1111001101011010,9.501875654068872
1100100101011011,9.49212422257038
1100010011011101,9.508917930117397
1111000101111010,9.511521518983663
1010101011011010,9.50518910483065
1011110001100011,9.574072862292487
1111101111101100,9.53484382779838
0101001001110100,9.487759272921611
1100101111001001,9.62685993052411
1000001011110111,9.535020015459708
1101111001111100,9.613621297638758
1101101101101010,9.576481274942184
0100010111001000,9.517314951153388
1101101111110101,9.527595808504124
1111110101110101,9.57757566301032
1111110011000001,9.577727725946632
0101111101011111,9.549822485800094
0001010001001010,9.54542140865139
1001100001100100,9.523986775438292
0010110111110101,9.508585182106131
1100101111000010,9.613984704115344
1111101001000110,9.518113230784063
0110101011101011,9.536557653587728
0001011111100001,9.586247684492877
0000010111011010,9.48598121714046
0010010011100110,9.508807278489874
1001011111111001,9.546362899899547
0000110111001111,9.579586501498367
0110111111110000,9.539515393093309
0001010001010000,9.52827385723149
0011010011010000,9.483639348546957
0101011011101010,9.545432206582978
0010010111100100,9.518518331019829
0011110011000110,9.513775641725893
1100111111011011,9.568333233597492
1111101011000000,9.53607107486634
1001100011111110,9.527108545883486
1110000011110001,9.518451110707993
0010101011110000,9.495769923998344
1111000111101100,9.541879190141731
1001010011001101,9.5183941993387
0101110111000101,9.480429801298651
1101100001100110,9.51292802081631
1000011100000110,7.0
1011010000011101,8.78313114543059
0010111011010001,9.484499950926756
0011001000110001,8.238220107669148
0101100000000001,8.29282098700371
1010101100110100,8.054335701326549
1010100100001010,8.620004248920841
1010111000110100,7.0
1100010000000000,7.605878523527233
1110100000101010,8.191365245763583
1110101000001101,7.0
1010101000110100,7.0
1110110000111011,8.016511349235438
1010111100111101,8.079155290988883
1010110100111001,8.431408444767701
1111110010011110,9.504146297287445
0000111100110011,8.028158804220585
1101011110010011,9.41930344120535
1000010010101110,8.160689494014434
1110110100110101,8.372693799522008
0110001100110010,8.39591139749984
1111111000000001,9.298605323834002
1010011000111101,7.0
1100100000011100,7.0
1000110000001101,8.052192746229009
1000110100100010,7.0
1100111100101101,7.153951535855393
1010110010101110,8.54421825461761
1110111100111110,8.177059056944058
1110001100111001,7.0
